metric,rl_mean,rl_std,fixed_mean,fixed_std,improvement_pct
avg_waiting_time,0.903651252302903,0.10451860600032119,3.8969555158298306,0.04758006610072627,76.81135315422053
avg_speed,9.540515467015998,0.10866609953463821,8.27751239629537,0.024269026733727873,15.258244388566428
total_stopped,4.487222222222222,0.3097212879906187,9.9175,0.07797964873788518,54.7545024227656
total_waiting_time,32.50333333333333,4.204407386750888,148.4063888888889,1.866572263237845,78.09842717912339
