metric,rl_mean,rl_std,fixed_mean,fixed_std,improvement_pct
avg_waiting_time,0.5707087821589608,0.11952142929686344,3.907606713118615,0.134720937851975,85.39492778935562
avg_speed,9.866719370122986,0.06941246416007477,8.292103540250753,0.0985269402350105,18.989341151239607
total_stopped,3.3052777777777775,0.23239601750162864,9.454444444444444,0.3229971524546731,65.03995769185569
total_waiting_time,18.985000000000003,4.637413521206263,141.37666666666664,6.407655363766255,86.57133426072194
