episode,avg_waiting_time,avg_speed,total_stopped,total_waiting_time,total_reward
0,3.8727803391328597,8.342044035753279,9.379166666666666,139.77777777777777,0.0
1,3.810328421830787,8.313700312146075,9.320833333333333,137.3763888888889,0.0
2,3.878532259744159,8.327499963478582,9.293055555555556,139.19027777777777,0.0
3,3.8890237380126527,8.306820860729962,9.384722222222223,140.25416666666666,0.0
4,3.999145864838707,8.211553152850078,9.734722222222222,147.0,0.0
