episode,avg_waiting_time,avg_speed,total_stopped,total_waiting_time,total_reward
0,3.76298922095276,8.423974460514211,9.073611111111111,134.09166666666667,0.0
1,3.811125175957693,8.338461344313703,9.251388888888888,136.93333333333334,0.0
2,4.029152046594938,8.170819706479277,9.7375,146.79722222222222,0.0
3,4.068517648136091,8.225159562737364,9.834722222222222,149.12083333333334,0.0
4,3.866249473951595,8.302102627209214,9.375,139.94027777777777,0.0
