episode,avg_waiting_time,avg_speed,total_stopped,total_waiting_time,total_reward
0,1.0465601592164178,9.429369293451298,4.844444444444444,38.205555555555556,-0.7700000000000008
1,0.7521484151661131,9.64324745992015,4.0875,26.4875,-0.68
2,0.9035030761285804,9.478598596846554,4.605555555555555,32.69444444444444,-0.4099999999999991
3,0.9199020465968835,9.480762545011252,4.648611111111111,33.55416666666667,-0.06999999999999995
4,0.8961425644065202,9.670599439850738,4.25,31.575,-0.35
