episode,avg_waiting_time,avg_speed,total_stopped,total_waiting_time,total_reward
0,0.4624112735691578,9.801166996282337,3.290277777777778,15.009722222222223,-0.09999999999999999
1,0.46962716490791223,9.837108601396354,3.276388888888889,15.4,-0.13000000000000012
2,0.5272483462382075,9.907550056737843,3.3430555555555554,17.741666666666667,-0.06999999999999973
3,0.4685007910550263,9.834614343363487,3.248611111111111,15.319444444444445,-0.18000000000000033
4,0.5057756893337013,9.649150208005853,3.651388888888889,16.729166666666668,-0.17999999999999994
